keyword,intent,channel,cluster,target_article,volume,volume_source
best free email marketing tools,best,google+pinterest,email,best-free-email-marketing-tools,,not measured
free email marketing for beginners,best,pinterest,email,best-free-email-marketing-tools,,not measured
kit vs mailerlite,vs,google,email,kit-vs-mailerlite,,not measured
mailerlite review,review,google,email,,,not measured
mailchimp alternatives,alternatives,google,email,,,not measured
how to start an email list,how-to,google+pinterest,email,,,not measured
how to sell digital products,how-to,google+pinterest,digital-products,how-to-sell-digital-products,,not measured
digital products to sell,ideas,pinterest,digital-products,,,not measured
how to sell an ebook online,how-to,google+pinterest,digital-products,,,not measured
systeme.io review,review,google,platforms,,,not measured
systeme.io vs kajabi,vs,google,platforms,,,not measured
kajabi alternatives,alternatives,google,platforms,,,not measured
best online course platform for beginners,best,google+pinterest,platforms,,,not measured
thinkific vs teachable,vs,google,platforms,,,not measured
podia vs teachable,vs,google,platforms,,,not measured
best pinterest scheduler,best,google+pinterest,social,,,not measured
metricool review,review,google,social,,,not measured
metricool vs publer,vs,google,social,,,not measured
buffer alternatives,alternatives,google,social,,,not measured
pinterest marketing for beginners,how-to,pinterest,social,,,not measured
